               epoch,      train/box_loss,      train/obj_loss,      train/cls_loss,   metrics/precision,      metrics/recall,     metrics/mAP_0.5,metrics/mAP_0.5:0.95,        val/box_loss,        val/obj_loss,        val/cls_loss,               x/lr0,               x/lr1,               x/lr2
                   0,            0.051019,            0.035419,                   0,             0.93918,             0.90857,             0.95588,             0.52545,            0.028487,             0.01681,                   0,           0.0033309,           0.0033309,            0.070022
                   1,             0.03735,            0.023556,                   0,             0.93918,             0.90857,             0.95588,             0.52545,            0.028487,             0.01681,                   0,           0.0060915,           0.0060915,            0.039449
                   2,            0.034812,            0.022305,                   0,             0.93918,             0.90857,             0.95588,             0.52545,            0.028487,             0.01681,                   0,           0.0068889,           0.0068889,           0.0069135
                   3,            0.030619,            0.021887,                   0,             0.93918,             0.90857,             0.95588,             0.52545,            0.028487,             0.01681,                   0,           0.0041094,           0.0041094,           0.0041094
                   4,            0.029281,            0.021018,                   0,             0.93918,             0.90857,             0.95588,             0.52545,            0.028487,             0.01681,                   0,           0.0041094,           0.0041094,           0.0041094
